"Address","Occurrences","H1-1","H1-1 Length","Indexability","Indexability Status"
"https://maranatha.pro/","1","Custom Countertops & Flooring in Birmingham, AL.","48","Indexable",""
"https://maranatha.pro/products/silestone/","1","Silestone Quartz Countertops in Birmingham, AL.","47","Indexable",""
"https://maranatha.pro/recent-projects/","1","Recent Project.","15","Indexable",""
"https://maranatha.pro/products/granite-marble-quartzite/","1","Natural Stones.","15","Indexable",""
"https://maranatha.pro/projects/","1","Projects.","9","Indexable",""
"https://maranatha.pro/products/flooring/","1","Hardwood & Tile Flooring.","25","Indexable",""
"https://maranatha.pro/showroom/","1","Showroom.","9","Indexable",""
"https://maranatha.pro/contact/","1","Contact.","8","Indexable",""
"https://maranatha.pro/products/sapienstone/","1","Porcelain.","10","Indexable",""
"https://maranatha.pro/project-category/commercial/","1","Commercial.","11","Indexable",""
"https://maranatha.pro/blog/","1","Blog.","5","Indexable",""
"https://maranatha.pro/products/dekton/","1","Dekton.","7","Indexable",""
"https://maranatha.pro/products/","1","Products.","9","Indexable",""
"https://maranatha.pro/products/cambria/","1","Cambria.","8","Indexable",""
"https://maranatha.pro/about-us/","1","About.","6","Indexable",""
"https://maranatha.pro/products/hanstone/","1","HanStone.","9","Indexable",""
"https://maranatha.pro/products/neolith/","1","Dialtile.","9","Indexable",""
"https://maranatha.pro/project-category/residential/","1","Residential.","12","Indexable",""
"https://maranatha.pro/blog/page/6/","1","Blog.","5","Indexable",""
"https://maranatha.pro/blog/page/2/","1","Blog.","5","Indexable",""
"https://maranatha.pro/blog/page/3/","1","Blog.","5","Indexable",""
"https://maranatha.pro/can-quartz-countertops-burn/","1","Can Quartz Countertops Burn?.","29","Indexable",""
"https://maranatha.pro/the-benefits-of-choosing-local-stone-fabricators-for-your-next-remodel/","1","The Benefits of Choosing Local Stone Fabricators for Your Next Remodel.","71","Indexable",""
"https://maranatha.pro/2025-stone-countertop-trends-forecast-whats-next-in-home-design/","1","2025 Stone Countertop Trends Forecast: What’s Next in Home Design.","66","Indexable",""
"https://maranatha.pro/how-much-countertop-installation-cost-birmingham-al/","1","How Much Does Countertop Installation Cost in Birmingham, AL?.","62","Indexable",""
"https://maranatha.pro/how-to-take-care-of-your-countertops-during-the-holidays-tips-for-a-stress-free-season/","1","How to Take Care of Your Countertops During the Holidays: Tips for a Stress-Free Season.","88","Indexable",""
"https://maranatha.pro/projects/dagny/","1","Dagny.","6","Indexable",""
"https://maranatha.pro/projects/sample-residential-project-3/","1","Sinks Residence.","16","Indexable",""
"https://maranatha.pro/projects/sample-residential-project-1/","1","Ajlouny Residence.","18","Indexable",""
"https://maranatha.pro/projects/sample-commercial-project-4/","1","Fennec.","7","Indexable",""
"https://maranatha.pro/projects/sample-residential-project-2/","1","Sims Residence.","15","Indexable",""
"https://maranatha.pro/projects/mercantile-on-morris/","1","Mercantile on Morris.","21","Indexable",""
"https://maranatha.pro/projects/new-ideal/","1","New Ideal.","10","Indexable",""
"https://maranatha.pro/innovative-tile-designs-to-transform-your-home/","1","Innovative Tile designs to Transform Your Home.","47","Indexable",""
"https://maranatha.pro/elevate-your-kitchen-in-2024-top-trends-and-tips-for-countertops-tiles-and-flooring/","1","Elevate Your Kitchen in 2024: Top Trends and Tips for Countertops, Tiles, and Flooring.","87","Indexable",""
"https://maranatha.pro/can-you-put-hot-pans-on-granite-the-dos-and-donts/","1","Can You Put Hot Pans on Granite? The Do’s and Don’ts.","53","Indexable",""
"https://maranatha.pro/5-trending-flooring-styles-to-elevate-your-homes-aesthetic/","1","5 Trending Flooring Styles to Elevate Your Home’s Aesthetic.","60","Indexable",""
"https://maranatha.pro/the-ultimate-guide-to-choosing-the-perfect-countertop-for-your-kitchen/","1","The Ultimate Guide to Choosing the Perfect Countertop for Your Kitchen.","71","Indexable",""
"https://maranatha.pro/the-importance-of-professionalism-installation-for-stone-and-flooring-projects/","1","The Importance of Professionalism Installation for Stone and Flooring Projects.","79","Indexable",""
"https://maranatha.pro/the-importance-of-professional-stone-installation-what-to-expect/","1","The Importance of Professional Stone Installation: What to Expect.","66","Indexable",""
"https://maranatha.pro/recap-of-2024-stone-design-trends-what-we-loved-and-whats-here-to-stay/","1","Recap of 2024 Stone Design Trends: What We Loved and What’s Here to Stay.","73","Indexable",""
"https://maranatha.pro/differences-between-granite-quartz-and-marble-countertops/","1","Differences Between Granite, Quartz, and Marble Countertops.","60","Indexable",""
"https://maranatha.pro/large-format-tiles-tile-flooring-modern-home-design-large-tile-installation-benefits-of-large-tiles-home-remodeling-large-tiles-for-walls-interior-design-tiles/","1","Benefits of Installing Large-Format Tiles in Modern Homes.","58","Indexable",""
"https://maranatha.pro/blog/page/5/","1","Blog.","5","Indexable",""
"https://maranatha.pro/blog/page/4/","1","Blog.","5","Indexable",""
"https://maranatha.pro/kitchen-design-trends-2023-what-you-need-to-know/","1","Kitchen Design Trends, 2023: What You Need to Know.","51","Indexable",""
"https://maranatha.pro/herringbone-pattern-floors/","1","Hardwood Trends for 2023 | Herringbone Floors.","46","Indexable",""
"https://maranatha.pro/quartzite-care-maintenance/","1","Quartzite Care & Maintenance .","30","Indexable",""
"https://maranatha.pro/whats-special-about-june-july-23/","1","What’s Special about June & July (’23)?.","40","Indexable",""
"https://maranatha.pro/kitchen-bathroom-design-trends-enhancing-your-home-in-alabama/","1","Kitchen & Bathroom Design Trends: Enhancing Your Home in Alabama.","65","Indexable",""
"https://maranatha.pro/dekton-and-your-bathroom/","1","Dekton and Your Bathroom.","25","Indexable",""
"https://maranatha.pro/dos-and-donts-a-quick-guide-for-alabama-homeowners/","1","Do’s and Don’ts: A Quick Guide for Alabama Homeowners.","54","Indexable",""
"https://maranatha.pro/most-requested-countertops-for-kitchen-renos/","1","Most Requested Countertops for Kitchen Renos.","45","Indexable",""
"https://maranatha.pro/timeless-beauty-of-granite/","1","Timeless Beauty of Granite.","27","Indexable",""
"https://maranatha.pro/dekton-new-kid-on-the-block/","1","Dekton Countertops.","19","Indexable",""
"https://maranatha.pro/maranatha-quartz-care-maintenance/","1","Quartz Care & Maintenance .","27","Indexable",""
"https://maranatha.pro/what-are-sculleries-why-care/","1","What Are Sculleries & Why Care?.","32","Indexable",""
"https://maranatha.pro/contact/embed/","0","","0","Non-Indexable","Canonicalised,noindex"
