"Address","Occurrences","Meta Description 1","Meta Description 1 Length","Meta Description 1 Pixel Width","Indexability","Indexability Status"
"https://maranatha.pro/","1","Granite & quartz countertops in Birmingham, AL. Visit our showroom and upgrade your home with expert installation.","114","724","Indexable",""
"https://maranatha.pro/products/silestone/","1","Made from natural quartz and other raw materials, silestone provides a hard, resilient surface perfect for countertops and wall siding.","135","821","Indexable",""
"https://maranatha.pro/recent-projects/","1","View recent granite, quartz, and hardwood flooring installations completed in Birmingham, AL and surrounding areas.","115","725","Indexable",""
"https://maranatha.pro/products/granite-marble-quartzite/","1","Granite, marble and quartzite countertops are as durable as they are beautiful. Natural stone counters are perfect for a bathroom or kitchen.","141","865","Indexable",""
"https://maranatha.pro/projects/","0","","0","0","Indexable",""
"https://maranatha.pro/products/flooring/","1","Hardwood and tile floors are both great options for an elegant, natural modern look. Designed to fit any style, let's build your dream home.","140","847","Indexable",""
"https://maranatha.pro/showroom/","1","Visit our Birmingham, AL countertop showroom or explore our 3D virtual tour featuring granite, quartz, and custom stone selections.","131","815","Indexable",""
"https://maranatha.pro/contact/","1","Contact Maranatha Stone & Floors in Birmingham, AL for granite, quartz, and countertop installation. Request a quote or visit our showroom.","139","871","Indexable",""
"https://maranatha.pro/products/sapienstone/","1","A Sapienstone countertop is made from full-bodied porcelain with veining that gives the surface a realistic look.","113","682","Indexable",""
"https://maranatha.pro/project-category/commercial/","0","","0","0","Indexable",""
"https://maranatha.pro/blog/","1","Natural stone, quartz, and flooring advice for Birmingham homeowners. Explore installation tips, material comparisons, and design ideas.","136","846","Indexable",""
"https://maranatha.pro/products/dekton/","1","Dekton countertops in Birmingham, AL featuring ultra-compact surfaces with expert fabrication and professional installation.","124","773","Indexable",""
"https://maranatha.pro/products/","0","","0","0","Indexable",""
"https://maranatha.pro/products/cambria/","1","Cambria is significantly harder than granite and marble. Perfect for countertops, backsplashes, vanities and showers","116","720","Indexable",""
"https://maranatha.pro/about-us/","1","Countertop and flooring company in Birmingham, AL, specializing in granite, quartz, and custom stone fabrication with installation.","131","807","Indexable",""
"https://maranatha.pro/products/hanstone/","1","Explore HanStone quartz countertops in Birmingham, AL. Premium surfaces with expert fabrication and professional installation.","126","796","Indexable",""
"https://maranatha.pro/products/neolith/","1","Neolith ultra compact surfaces are an all-natural, durable material that can be used for countertops, floors, and siding for both interior and exterior walls.","158","940","Indexable",""
"https://maranatha.pro/project-category/residential/","0","","0","0","Indexable",""
"https://maranatha.pro/blog/page/6/","1","Natural stone, quartz, and flooring advice for Birmingham homeowners. Explore installation tips, material comparisons, and design ideas.","136","846","Indexable",""
"https://maranatha.pro/blog/page/2/","1","Natural stone, quartz, and flooring advice for Birmingham homeowners. Explore installation tips, material comparisons, and design ideas.","136","846","Indexable",""
"https://maranatha.pro/blog/page/3/","1","Natural stone, quartz, and flooring advice for Birmingham homeowners. Explore installation tips, material comparisons, and design ideas.","136","846","Indexable",""
"https://maranatha.pro/can-quartz-countertops-burn/","1","Can quartz countertops burn? Learn how heat affects quartz surfaces and what Birmingham homeowners should know before installing.","129","848","Indexable",""
"https://maranatha.pro/the-benefits-of-choosing-local-stone-fabricators-for-your-next-remodel/","0","","0","0","Indexable",""
"https://maranatha.pro/2025-stone-countertop-trends-forecast-whats-next-in-home-design/","0","","0","0","Indexable",""
"https://maranatha.pro/how-much-countertop-installation-cost-birmingham-al/","1","How much does countertop installation cost in Birmingham, AL? See pricing for granite, quartz, fabrication, and flooring upgrades.","130","803","Indexable",""
"https://maranatha.pro/how-to-take-care-of-your-countertops-during-the-holidays-tips-for-a-stress-free-season/","0","","0","0","Indexable",""
"https://maranatha.pro/projects/dagny/","0","","0","0","Indexable",""
"https://maranatha.pro/projects/sample-residential-project-3/","0","","0","0","Indexable",""
"https://maranatha.pro/projects/sample-residential-project-1/","0","","0","0","Indexable",""
"https://maranatha.pro/projects/sample-commercial-project-4/","0","","0","0","Indexable",""
"https://maranatha.pro/projects/sample-residential-project-2/","0","","0","0","Indexable",""
"https://maranatha.pro/projects/mercantile-on-morris/","0","","0","0","Indexable",""
"https://maranatha.pro/projects/new-ideal/","0","","0","0","Indexable",""
"https://maranatha.pro/innovative-tile-designs-to-transform-your-home/","0","","0","0","Indexable",""
"https://maranatha.pro/elevate-your-kitchen-in-2024-top-trends-and-tips-for-countertops-tiles-and-flooring/","0","","0","0","Indexable",""
"https://maranatha.pro/can-you-put-hot-pans-on-granite-the-dos-and-donts/","0","","0","0","Indexable",""
"https://maranatha.pro/5-trending-flooring-styles-to-elevate-your-homes-aesthetic/","0","","0","0","Indexable",""
"https://maranatha.pro/the-ultimate-guide-to-choosing-the-perfect-countertop-for-your-kitchen/","0","","0","0","Indexable",""
"https://maranatha.pro/the-importance-of-professionalism-installation-for-stone-and-flooring-projects/","0","","0","0","Indexable",""
"https://maranatha.pro/the-importance-of-professional-stone-installation-what-to-expect/","0","","0","0","Indexable",""
"https://maranatha.pro/recap-of-2024-stone-design-trends-what-we-loved-and-whats-here-to-stay/","0","","0","0","Indexable",""
"https://maranatha.pro/differences-between-granite-quartz-and-marble-countertops/","0","","0","0","Indexable",""
"https://maranatha.pro/large-format-tiles-tile-flooring-modern-home-design-large-tile-installation-benefits-of-large-tiles-home-remodeling-large-tiles-for-walls-interior-design-tiles/","1","large-format tiles, tile flooring, modern home design, large tile installation, benefits of large tiles, home remodeling, large tiles for walls, interior design tilLarge-format tiles are increasingly becoming a favorite choice for homeowners and designers alike. Their sleek and expansive look can elevate any room, offering both aesthetic and practical benefits. From fewer grout lines to an illusion of more space, discover how these tiles can transform modern homes.","469","2804","Indexable",""
"https://maranatha.pro/blog/page/5/","1","Natural stone, quartz, and flooring advice for Birmingham homeowners. Explore installation tips, material comparisons, and design ideas.","136","846","Indexable",""
"https://maranatha.pro/blog/page/4/","1","Natural stone, quartz, and flooring advice for Birmingham homeowners. Explore installation tips, material comparisons, and design ideas.","136","846","Indexable",""
"https://maranatha.pro/kitchen-design-trends-2023-what-you-need-to-know/","0","","0","0","Indexable",""
"https://maranatha.pro/herringbone-pattern-floors/","1","Know your hardwood floor trends for 2023 to increase your properties value and aesthetic.","89","560","Indexable",""
"https://maranatha.pro/quartzite-care-maintenance/","0","","0","0","Indexable",""
"https://maranatha.pro/whats-special-about-june-july-23/","0","","0","0","Indexable",""
"https://maranatha.pro/kitchen-bathroom-design-trends-enhancing-your-home-in-alabama/","0","","0","0","Indexable",""
"https://maranatha.pro/dekton-and-your-bathroom/","0","","0","0","Indexable",""
"https://maranatha.pro/dos-and-donts-a-quick-guide-for-alabama-homeowners/","0","","0","0","Indexable",""
"https://maranatha.pro/most-requested-countertops-for-kitchen-renos/","0","","0","0","Indexable",""
"https://maranatha.pro/timeless-beauty-of-granite/","0","","0","0","Indexable",""
"https://maranatha.pro/dekton-new-kid-on-the-block/","0","","0","0","Indexable",""
"https://maranatha.pro/maranatha-quartz-care-maintenance/","0","","0","0","Indexable",""
"https://maranatha.pro/what-are-sculleries-why-care/","0","","0","0","Indexable",""
"https://maranatha.pro/contact/embed/","0","","0","0","Non-Indexable","Canonicalised,noindex"
