"Address","Occurrences","Title 1","Title 1 Length","Title 1 Pixel Width","Indexability","Indexability Status"
"https://maranatha.pro/","1","Countertops in Birmingham, AL | Custom Granite & Quartz","55","516","Indexable",""
"https://maranatha.pro/products/silestone/","1","Silestone Countertops in Birmingham, AL | Maranatha","51","478","Indexable",""
"https://maranatha.pro/recent-projects/","1","Countertop & Flooring Installations | Birmingham, AL","52","465","Indexable",""
"https://maranatha.pro/products/granite-marble-quartzite/","1","Natural Stone Countertops in Birmingham, AL | Maranatha","55","518","Indexable",""
"https://maranatha.pro/projects/","1","Projects Archive - Maranatha Granite","36","330","Indexable",""
"https://maranatha.pro/products/flooring/","1","Hardwood & Tile Flooring in Birmingham, AL | Maranatha","54","503","Indexable",""
"https://maranatha.pro/showroom/","1","Countertop Showroom & 3D Tour | Birmingham, AL","46","450","Indexable",""
"https://maranatha.pro/contact/","1","Contact Maranatha | Countertops in Birmingham, AL","49","465","Indexable",""
"https://maranatha.pro/products/sapienstone/","1","PorcelainPorcelain Countertops in Birmingham, AL | Maranatha","60","563","Indexable",""
"https://maranatha.pro/project-category/commercial/","1","Commercial Archives - Maranatha Granite","39","375","Indexable",""
"https://maranatha.pro/blog/","1","Countertop & Flooring Insights | Birmingham, AL | Maranatha","59","538","Indexable",""
"https://maranatha.pro/products/dekton/","1","Dekton Countertops in Birmingham, AL | Maranatha","48","458","Indexable",""
"https://maranatha.pro/products/","1","Products Archive - Maranatha Granite","36","336","Indexable",""
"https://maranatha.pro/products/cambria/","1","Cambria Quartz Countertops in Birmingham, AL | Maranatha","56","536","Indexable",""
"https://maranatha.pro/about-us/","1","About Maranatha | Countertops & Flooring in Birmingham, AL","58","542","Indexable",""
"https://maranatha.pro/products/hanstone/","1","HanStone Quartz Countertops in Birmingham, AL | Maranatha","57","548","Indexable",""
"https://maranatha.pro/products/neolith/","1","Dialtile","8","62","Indexable",""
"https://maranatha.pro/project-category/residential/","1","Residential Archives - Maranatha Granite","40","365","Indexable",""
"https://maranatha.pro/blog/page/6/","1","Countertop & Flooring Insights | Birmingham, AL | Maranatha","59","538","Indexable",""
"https://maranatha.pro/blog/page/2/","1","Countertop & Flooring Insights | Birmingham, AL | Maranatha","59","538","Indexable",""
"https://maranatha.pro/blog/page/3/","1","Countertop & Flooring Insights | Birmingham, AL | Maranatha","59","538","Indexable",""
"https://maranatha.pro/can-quartz-countertops-burn/","1","Can Quartz Countertops Burn? What Birmingham Homeowners S","57","577","Indexable",""
"https://maranatha.pro/the-benefits-of-choosing-local-stone-fabricators-for-your-next-remodel/","1","The Benefits of Choosing Local Stone Fabricators for Your Next Remodel - Maranatha Granite","90","831","Indexable",""
"https://maranatha.pro/2025-stone-countertop-trends-forecast-whats-next-in-home-design/","1","2025 Stone Countertop Trends Forecast: What’s Next in Home Design - Maranatha Granite","85","804","Indexable",""
"https://maranatha.pro/how-much-countertop-installation-cost-birmingham-al/","1","Countertop Installation Cost in Birmingham, AL (2026 Guide)","59","538","Indexable",""
"https://maranatha.pro/how-to-take-care-of-your-countertops-during-the-holidays-tips-for-a-stress-free-season/","1","How to Take Care of Your Countertops During the Holidays: Tips for a Stress-Free Season - Maranatha Granite","107","978","Indexable",""
"https://maranatha.pro/projects/dagny/","1","Dagny - Maranatha Granite","25","239","Indexable",""
"https://maranatha.pro/projects/sample-residential-project-3/","1","Sinks Residence - Maranatha Granite","35","329","Indexable",""
"https://maranatha.pro/projects/sample-residential-project-1/","1","Ajlouny Residence - Maranatha Granite","37","346","Indexable",""
"https://maranatha.pro/projects/sample-commercial-project-4/","1","Fennec - Maranatha Granite","26","249","Indexable",""
"https://maranatha.pro/projects/sample-residential-project-2/","1","Sims Residence - Maranatha Granite","34","326","Indexable",""
"https://maranatha.pro/projects/mercantile-on-morris/","1","Mercantile on Morris - Maranatha Granite","40","368","Indexable",""
"https://maranatha.pro/projects/new-ideal/","1","New Ideal - Maranatha Granite","29","272","Indexable",""
"https://maranatha.pro/innovative-tile-designs-to-transform-your-home/","1","Innovative Tile designs to Transform Your Home - Maranatha Granite","66","615","Indexable",""
"https://maranatha.pro/elevate-your-kitchen-in-2024-top-trends-and-tips-for-countertops-tiles-and-flooring/","1","Elevate Your Kitchen in 2024: Top Trends and Tips for Countertops, Tiles, and Flooring - Maranatha Granite","106","947","Indexable",""
"https://maranatha.pro/can-you-put-hot-pans-on-granite-the-dos-and-donts/","1","Can You Put Hot Pans on Granite? The Do's and Don'ts - Maranatha Granite","72","667","Indexable",""
"https://maranatha.pro/5-trending-flooring-styles-to-elevate-your-homes-aesthetic/","1","5 Trending Flooring Styles to Elevate Your Home's Aesthetic - Maranatha Granite","79","717","Indexable",""
"https://maranatha.pro/the-ultimate-guide-to-choosing-the-perfect-countertop-for-your-kitchen/","1","The Ultimate Guide to Choosing the Perfect Countertop for Your Kitchen -","72","654","Indexable",""
"https://maranatha.pro/the-importance-of-professionalism-installation-for-stone-and-flooring-projects/","1","The Importance of Professionalism Installation for Stone and Flooring Projects - Maranatha Granite","98","883","Indexable",""
"https://maranatha.pro/the-importance-of-professional-stone-installation-what-to-expect/","1","The Importance of Professional Stone Installation: What to Expect - Maranatha Granite","85","771","Indexable",""
"https://maranatha.pro/recap-of-2024-stone-design-trends-what-we-loved-and-whats-here-to-stay/","1","Recap of 2024 Stone Design Trends: What We Loved and What’s Here to Stay - Maranatha Granite","92","870","Indexable",""
"https://maranatha.pro/differences-between-granite-quartz-and-marble-countertops/","1","Differences Between Granite, Quartz, and Marble Countertops - Maranatha Granite","79","734","Indexable",""
"https://maranatha.pro/large-format-tiles-tile-flooring-modern-home-design-large-tile-installation-benefits-of-large-tiles-home-remodeling-large-tiles-for-walls-interior-design-tiles/","1","Benefits of Installing Large-Format Tiles in Modern Homes - Maranatha Granite","77","705","Indexable",""
"https://maranatha.pro/blog/page/5/","1","Countertop & Flooring Insights | Birmingham, AL | Maranatha","59","538","Indexable",""
"https://maranatha.pro/blog/page/4/","1","Countertop & Flooring Insights | Birmingham, AL | Maranatha","59","538","Indexable",""
"https://maranatha.pro/kitchen-design-trends-2023-what-you-need-to-know/","1","Kitchen Design Trends, 2023: What You Need to Know - Maranatha Granite","70","664","Indexable",""
"https://maranatha.pro/herringbone-pattern-floors/","1","Hardwood Trends for 2023 | Herringbone Floors - Maranatha Granite","65","606","Indexable",""
"https://maranatha.pro/quartzite-care-maintenance/","1","Quartzite Care & Maintenance  - Maranatha Granite","49","452","Indexable",""
"https://maranatha.pro/whats-special-about-june-july-23/","1","What's Special about June & July ('23)? - Maranatha Granite","59","530","Indexable",""
"https://maranatha.pro/kitchen-bathroom-design-trends-enhancing-your-home-in-alabama/","1","Kitchen & Bathroom Design Trends: Enhancing Your Home in Alabama - Maranatha Granite","84","808","Indexable",""
"https://maranatha.pro/dekton-and-your-bathroom/","1","Dekton and Your Bathroom - Maranatha Granite","44","424","Indexable",""
"https://maranatha.pro/dos-and-donts-a-quick-guide-for-alabama-homeowners/","1","Do's and Don'ts: A Quick Guide for Alabama Homeowners - Maranatha Granite","73","693","Indexable",""
"https://maranatha.pro/most-requested-countertops-for-kitchen-renos/","1","Most Requested Countertops for Kitchen Renos - Maranatha Granite","64","607","Indexable",""
"https://maranatha.pro/timeless-beauty-of-granite/","1","Timeless Beauty of Granite - Maranatha Granite","46","426","Indexable",""
"https://maranatha.pro/dekton-new-kid-on-the-block/","1","Dekton Countertops - Maranatha Granite","38","362","Indexable",""
"https://maranatha.pro/maranatha-quartz-care-maintenance/","1","Quartz Care & Maintenance  - Maranatha Granite","46","429","Indexable",""
"https://maranatha.pro/what-are-sculleries-why-care/","1","What Are Sculleries & Why Care? - Maranatha Granite","51","475","Indexable",""
"https://maranatha.pro/contact/embed/","1","Contact Maranatha | Countertops in Birmingham, AL","49","465","Non-Indexable","Canonicalised,noindex"
